{
    "left": {
        "dx_mean": 6.732461293538411,
        "dx_std": 7.053751447263722,
        "dy_mean": -216.42666625976562,
        "dy_std": 9.615991448435867
    },
    "right": {
        "dx_mean": -4.251986185709636,
        "dx_std": 6.8086466998830275,
        "dy_mean": -206.69533761342367,
        "dy_std": 16.537459040551717
    },
    "samples_count": 6
}